Clinics,Description,Category,City,Country,rating,Review,Address,Phone_number,Availability,Site_url,Status_working
Клиника пластической хирургии и косметологии AMIRA CLINIC,· Plastic surgery clinic,Plastic surgery clinic,Almaty,Kazakhstan,4.4,-35,Ulitsa Katayeva 160,· 8 (705) 275 1595,⋅ Closes 6 PM,http://amiraclinic.kz/,Open
Al-Clinic,· Plastic surgery clinic,Plastic surgery clinic,Almaty,Kazakhstan,3.3,-32,Kabanbay Batyr St 134,· 8 (7272) 22 10 01,⋅ Closes 6 PM,http://al-clinic.kz/,Open
Klinika Oksany Malitskoy,· Plastic surgery clinic,Plastic surgery clinic,Almaty,Kazakhstan,3.8,-41,Baytursynova St 74,· 8 (775) 634 7911,⋅ Closes 5 PM,https://clinicmalitskaya.kz/,Open
SAKURA - Клиника пластической хирургии и косметологии,· Plastic surgery clinic,Plastic surgery clinic,Almaty,Kazakhstan,3.9,-19,Ulitsa Zhandarbekova 238/91,· 8 (775) 888 0799,⋅ Closes 7 PM,,Open
"Клиника пластической хирургии ""Talayeva Clinic""",· Plastic surgery clinic,Plastic surgery clinic,Almaty,Kazakhstan,5,-5,Markov St 71,· 8 (705) 808 0130,⋅ Opens 9 AM Mon,http://talayeva.kz/,Closed
Dr. Sutaykin Plastic Surgery Clinic,· Plastic surgeon,Plastic surgery clinic,Almaty,Kazakhstan,4.3,-6,Markov St 71,· 8 (708) 184 8383,⋅ Opens 10 AM Mon,https://sutaikin.kz/,Closed
Пластический хирург | Dr.Globa: Глоба Виктор Сергеевич,· Plastic surgeon,Plastic surgery clinic,Almaty,Kazakhstan,5,-1,Dostyk Ave 97б,· 8 (7272) 64 64 66,⋅ Closes 8 PM,,Open
Quantum clinic,· Plastic surgery clinic,Plastic surgery clinic,Almaty,Kazakhstan,5,-7,Almaty,· 8 (701) 924 2427,⋅ Closes 8 PM,http://www.quantummed.kz/,Open
Nadialan Estetik,· Plastic surgery clinic,Plastic surgery clinic,Almaty,Kazakhstan,4.6,-11,"ул Шопена 26 уг, Baikadamov St",· 8 (707) 328 4182,⋅ Opens 9 AM Mon,https://nadialan.kz/,Closed
Urmurzin Daniyar Kayratovich,· Plastic surgeon,Plastic surgery clinic,Almaty,Kazakhstan,4.4,-5,Ulitsa Katayeva 160,· 8 (700) 317 4451,⋅ Closes 5:30 PM,http://urmurzin.kz/,Open
Byustklinika,· Plastic surgery clinic,Plastic surgery clinic,Almaty,Kazakhstan,5,-3,"Микрорайон 3, 2а",· 8 (708) 479 1515,⋅ Closes 9 PM,https://www.bustclinica.kz/,Open
Tiffany Plaza,· Skin care clinic,Plastic surgery clinic,Almaty,Kazakhstan,4.6,-48,Mikrorayon Samal-2 58А,· 8 (701) 203 4224,⋅ Closes 8 PM,,Open
Sofi Aesthetic,· Skin care clinic,Plastic surgery clinic,Almaty,Kazakhstan,5,-5,Gagarin Ave 287 блок А,· 8 (707) 111 3896,⋅ Closes 7 PM,https://sofiaesthetic.com.kz/,Open
Plasticheskiy Khirurg Amirbayev Maksim,· Plastic surgeon,Plastic surgery clinic,Almaty,Kazakhstan,5,-1,Markov St 71,· 8 (777) 200 0712,⋅ Closes 12 PM,,Open
Центр Врачебной Косметологии SamalBeauty,· Plastic surgery clinic,Plastic surgery clinic,Almaty,Kazakhstan,5,-2,Dostyk Ave 105/1,· 8 (747) 226 7327,⋅ Closes 6 PM,,Open
IS Medical,· Medical clinic,Plastic surgery clinic,Almaty,Kazakhstan,5,-1,Navoi St 84,· 8 (700) 888 8103,⋅ Closes 7 PM,http://ismedical.kz/,Open
"""Darus"" Meditsinskiy Tsentr Plasticheskoy Khirurgii I Lazernoy Kosmetologii",· Plastic surgery clinic,Plastic surgery clinic,Almaty,Kazakhstan,3.9,-44,Baytursynova St 96,· 8 (776) 500 5256,⋅ Closes 7 PM,http://darus.kz/,Open
Klinika Plasticheskoy Khirurgii Ol'gi Rubas,· Plastic surgery clinic,Plastic surgery clinic,Almaty,Kazakhstan,3.7,-3,Rozybakiev Street 33а,· 8 (701) 457 1022,⋅ Closes 1 PM,,Open
Aleksey Kuimov,· Plastic surgeon,Plastic surgery clinic,Almaty,Kazakhstan,4,-4,Mukagali Makataev Street 127б,· 8 (705) 123 5356,⋅ Opens 10 AM Mon,https://www.kuimov.kz/,Closed
DR.Vesta,· Skin care clinic,Plastic surgery clinic,Almaty,Kazakhstan,5,-1,Kabanbay Batyr St 239,· 8 (777) 898 8989,,https://2gis.kz/almaty/geo/70000001053408127,Open now
IREI Medical,· Orthopedic clinic,Orthopedic clinic,Almaty,Kazakhstan,4.5,-10,Furmanov Ave 36,· 8 (771) 722 4010,⋅ Closes 8 PM,"https://www.google.com/maps/dir//IREI+Medical,+Furmanov+Ave+36,+Almaty+050000/data=!4m6!4m5!1m1!4e2!1m2!1m1!1s0x38836f2eaf292307:0xdaff77ca95fc20e8?sa=X&ved=1t:57443&ictx=111",Open
TURAN ORTHOPEDIA,· Orthotics & prosthetics service,Orthopedic clinic,Almaty,Kazakhstan,4.8,-5,улица Таугуль 1,· 8 (777) 128 7586,⋅ Closes 3 PM,"https://www.google.com/maps/dir//TURAN+ORTHOPEDIA,+%D1%83%D0%BB%D0%B8%D1%86%D0%B0+%D0%A2%D0%B0%D1%83%D0%B3%D1%83%D0%BB%D1%8C+1,+Almaty/data=!4m6!4m5!1m1!4e2!1m2!1m1!1s0x388369006c90ea07:0x7eaded1086f4b3ae?sa=X&ved=1t:57443&ictx=111",Open
"Клиника ортопедической реабилитации ""ORTHO CLINIC""""",· Medical clinic,Orthopedic clinic,Almaty,Kazakhstan,4,-3,Seyfullin Avenue 574/2,· 8 (778) 329 4848,⋅ Closes 2 PM,"https://www.google.com/maps/dir//%D0%9A%D0%BB%D0%B8%D0%BD%D0%B8%D0%BA%D0%B0+%D0%BE%D1%80%D1%82%D0%BE%D0%BF%D0%B5%D0%B4%D0%B8%D1%87%D0%B5%D1%81%D0%BA%D0%BE%D0%B9+%D1%80%D0%B5%D0%B0%D0%B1%D0%B8%D0%BB%D0%B8%D1%82%D0%B0%D1%86%D0%B8%D0%B8+%22ORTHO+CLINIC%22%22,+Seyfullin+Avenue+574%2F2,+Almaty+050059/data=!4m6!4m5!1m1!4e2!1m2!1m1!1s0x38836fe50a710c63:0x1e151219c8fe4997?sa=X&ved=1t:57443&ictx=111",Open
Saygak Orto,· Orthopedic clinic,Orthopedic clinic,Almaty,Kazakhstan,5,-4,Shevchenko St 148,· 8 (775) 007 2272,⋅ Closes 4 PM,"https://www.google.com/maps/dir//Saygak+Orto,+Shevchenko+St+148,+Almaty+050000/data=!4m6!4m5!1m1!4e2!1m2!1m1!1s0x2d7774958344803:0x68536cc3fff7a76a?sa=X&ved=1t:57443&ictx=111",Open
Klinika Doktora Ratinova,· Medical clinic,Orthopedic clinic,Almaty,Kazakhstan,4.4,-18,Basenov St 10 3,· 8 (747) 514 2020,⋅ Closes 6 PM,"https://www.google.com/maps/dir//Klinika+Doktora+Ratinova,+Basenov+St+10+3,+Almaty+050060/data=!4m6!4m5!1m1!4e2!1m2!1m1!1s0x388369dd16b16269:0xc9b4c16e0251a77b?sa=X&ved=1t:57443&ictx=111",Open
"Медицинский центр On Clinic Алматы - Уролог, Проктолог, Гинеколог",· Medical Center,Orthopedic clinic,Almaty,Kazakhstan,4.2,-202,Gabdullin St 94/132,· 8 (707) 250 1005,⋅ Closes 2 PM,"https://www.google.com/maps/dir//%D0%9C%D0%B5%D0%B4%D0%B8%D1%86%D0%B8%D0%BD%D1%81%D0%BA%D0%B8%D0%B9+%D1%86%D0%B5%D0%BD%D1%82%D1%80+On+Clinic+%D0%90%D0%BB%D0%BC%D0%B0%D1%82%D1%8B+-+%D0%A3%D1%80%D0%BE%D0%BB%D0%BE%D0%B3,+%D0%9F%D1%80%D0%BE%D0%BA%D1%82%D0%BE%D0%BB%D0%BE%D0%B3,+%D0%93%D0%B8%D0%BD%D0%B5%D0%BA%D0%BE%D0%BB%D0%BE%D0%B3,+Gabdullin+St+94%2F132,+Almaty/data=!4m6!4m5!1m1!4e2!1m2!1m1!1s0x388368d806cfffff:0x1ad51b93ba5fc816?sa=X&ved=1t:57443&ictx=111",Open
Akademiya Ortopedii,· Hospital,Orthopedic clinic,Almaty,Kazakhstan,3.8,-13,"7W4X+564, Tolebaev St",· 8 (7272) 61 03 01,⋅ Closes 8 PM,"https://www.google.com/maps/dir//7W4X%2B564+Akademiya+Ortopedii,+Tolebaev+St,+Almaty/data=!4m6!4m5!1m1!4e2!1m2!1m1!1s0x38836e93a23d6a27:0x4c26bb70002ec6e?sa=X&ved=1t:57443&ictx=111",Open
Akademiya Ortopedii,· Medical Center,Orthopedic clinic,Almaty,Kazakhstan,3.8,-20,"159, Gagarin Ave 157",· 8 (727) 382 6021,⋅ Closes 6 PM,"https://www.google.com/maps/dir//Akademiya+Ortopedii,+159,+Gagarin+Ave+157,+Almaty/data=!4m6!4m5!1m1!4e2!1m2!1m1!1s0x388368ddbd298c49:0x3031c84bd4ac9b99?sa=X&ved=1t:57443&ictx=111",Open
Private Clinic Almaty,· Medical clinic,Orthopedic clinic,Almaty,Kazakhstan,4.1,-154,"мкр. Мирас, 45",· 8 (700) 275 9900,⋅ Closes 10 PM,"https://www.google.com/maps/dir//Private+Clinic+Almaty,+%D0%BC%D0%BA%D1%80.+%D0%9C%D0%B8%D1%80%D0%B0%D1%81,+45,+Almaty+050043/data=!4m6!4m5!1m1!4e2!1m2!1m1!1s0x388368806216da69:0xda1f853ca0d2370b?sa=X&ved=1t:57443&ictx=111",Open
"Gastroclinic | Медицинский центр Алматы | Гастроэнтеролог, анализы",· Medical clinic,Orthopedic clinic,Almaty,Kazakhstan,4,-42,Ulitsa Sholom Aleykhem 19,· 8 (727) 390 2220,⋅ Closes 3 PM,"https://www.google.com/maps/dir//Gastroclinic+%7C+%D0%9C%D0%B5%D0%B4%D0%B8%D1%86%D0%B8%D0%BD%D1%81%D0%BA%D0%B8%D0%B9+%D1%86%D0%B5%D0%BD%D1%82%D1%80+%D0%90%D0%BB%D0%BC%D0%B0%D1%82%D1%8B+%7C+%D0%93%D0%B0%D1%81%D1%82%D1%80%D0%BE%D1%8D%D0%BD%D1%82%D0%B5%D1%80%D0%BE%D0%BB%D0%BE%D0%B3,+%D0%B0%D0%BD%D0%B0%D0%BB%D0%B8%D0%B7%D1%8B,+Ulitsa+Sholom+Aleykhem+19,+Almaty/data=!4m6!4m5!1m1!4e2!1m2!1m1!1s0x38836f2440a8b645:0xca0c393df7790aab?sa=X&ved=1t:57443&ictx=111",Open
Лечение косоглазия и зрения ORTOPTIC Алматы,· Ophthalmology clinic,Orthopedic clinic,Almaty,Kazakhstan,4.6,-40,микрорайон 8 дом 8,· 8 (707) 743 6888,⋅ Closes 3 PM,"https://www.google.com/maps/dir//%D0%9B%D0%B5%D1%87%D0%B5%D0%BD%D0%B8%D0%B5+%D0%BA%D0%BE%D1%81%D0%BE%D0%B3%D0%BB%D0%B0%D0%B7%D0%B8%D1%8F+%D0%B8+%D0%B7%D1%80%D0%B5%D0%BD%D0%B8%D1%8F+ORTOPTIC+%D0%90%D0%BB%D0%BC%D0%B0%D1%82%D1%8B,+%D0%BC%D0%B8%D0%BA%D1%80%D0%BE%D1%80%D0%B0%D0%B9%D0%BE%D0%BD+8+%D0%B4%D0%BE%D0%BC+8,+Almaty+050062/data=!4m6!4m5!1m1!4e2!1m2!1m1!1s0x388369ac8aaaa457:0x64d4866d651eec03?sa=X&ved=1t:57443&ictx=111",Open
Extra Comfort,· Orthopedic clinic,Orthopedic clinic,Almaty,Kazakhstan,4.4,-12,· 8 (702) 517 2280,,⋅ Closes 3 PM,,Open
Zhaksymuratov Mukhit Zakirovich,· Orthopedic surgeon,Orthopedic clinic,Almaty,Kazakhstan,5,-2,Papanin St 220,8 (702) 683 1546,,"https://www.google.com/maps/dir//Zhaksymuratov+Mukhit+Zakirovich,+Papanin+St+220,+Almaty/data=!4m6!4m5!1m1!4e2!1m2!1m1!1s0x38836c489a64905d:0xc186cfb510fd9f4c?sa=X&ved=1t:57443&ictx=111",
ASTANA VISION,· Ophthalmology Clinic,Oncological clinics,Almaty,Kazakhstan,4.7,-92,Алматы,· 8 (705) 924 3600,⋅ Closes 5 PM,https://www.googleadservices.com/pagead/aclk?sa=L&ai=DChcSEwjxkqTrm-iLAxWOGaIDHbfRK7IYABAHGgJsZQ&co=1&gclid=Cj0KCQiA2oW-BhC2ARIsADSIAWrEdiKqEM1jd-fLNfgYEtoDUA8HBurLPSMNzNNyDfsSBxMr-ZiyQyQaApgFEALw_wcB&ohost=www.google.com&cid=CAESVeD24x4TQDfD-6wMP2Wd2T3vx9gpYYeGhJoOZBAPOdHISgtvFJjmco4OsSmJNKCR6-s5pGvfxZmojMqAp8Uyjq6qrvNR_D81ZwVN86Uoy49ovUcXYh4&sig=AOD64_2ba-n82y61_0fqQ1kfkFe3KH1w_g&q=&ctype=99&ved=2ahUKEwjHyJ_rm-iLAxVSQVUIHV0gGy8QhKwBegQIIBAP&adurl=,Open
Oncology Hospital,· University hospital,Oncological clinics,Almaty,Kazakhstan,5,-4,Shagabutdinov St 152/91,· 8 (7272) 92 90 63,⋅ Opens 9 AM Mon,http://www.onco.kz/,Closed
Oncobiomedical - центр онкологии и хирургии,· Cancer treatment center,Oncological clinics,Almaty,Kazakhstan,5,-3,Абдуллы Розыбакиева 33А,· 8 (777) 825 1818,⋅ Closes 2 PM,https://oncobiomedical.com/,Open
Aots,· Cancer treatment center,Oncological clinics,Almaty,Kazakhstan,3.8,-52,Papanin St 220,· 8 (727) 312 2474,⋅ Opens 8 AM Mon,,Closed
Medical Heal,· Cancer treatment center,Oncological clinics,Almaty,Kazakhstan,4,-4,"Жетысу 3-й, Микрорайон- 4 2а",· 8 (777) 340 7484,⋅ Closes 2 PM,,Open
Meditsinskiy Tsentr Sunkar,· Cancer treatment center,Oncological clinics,Almaty,Kazakhstan,4.3,-379,Tole Bi Street 289,· 8 (727) 373 0606,⋅ Closes 8 PM,http://densaulyk.kz/,Open
"Meditsinskiy Tsentr On Klinik Almaty Urolog, Proktolog, Ginekolog",· Medical clinic,Oncological clinics,Almaty,Kazakhstan,4.1,-58,Abay Ave 20/14,· 8 (707) 250 1005,⋅ Closes 2 PM,https://onclinic.kz/,Open
Kazakhskiy Nauchno-Issledovatel'skiy Institut Onkologii I Radiologii,· Hospital,Oncological clinics,Almaty,Kazakhstan,3.7,-155,"город, Abay Ave 91",· 8 (727) 349 6116,⋅ Opens 8:30 AM Mon,http://onco.kz/,Closed
"Медицинский центр On Clinic Алматы - Уролог, Проктолог, Гинеколог",· Medical Center,Oncological clinics,Almaty,Kazakhstan,4.2,-202,Gabdullin St 94/132,· 8 (707) 250 1005,⋅ Closes 2 PM,http://onclinic.kz/,Open
"Медицинский центр On Clinic - Уролог, Проктолог, Гинеколог",· Medical Center,Oncological clinics,Almaty,Kazakhstan,4.7,-163,"улица Ришата и Муслима, Abdulliny St 30",· 8 (707) 250 1005,⋅ Closes 2 PM,https://onclinic.kz/,Open
Doktor Kredo,· Cancer treatment center,Oncological clinics,Almaty,Kazakhstan,5,-1,"Алматы, Думан 2,д 27, н.п. 72",· 8 (777) 348 1818,⋅ Opens 10 AM Mon,https://www.oncodoctor.kz/,Closed
"Medical Center ""Rakhat"" Almaty",· Medical clinic,Oncological clinics,Almaty,Kazakhstan,3.9,-139,Abay Ave 58а,· 8 (747) 700 1033,⋅ Closes 3 PM,https://rklinik.kz/,Open
Центр фтизиопульмонологии,· Cancer treatment center,Oncological clinics,Almaty,Kazakhstan,4.1,-7,улица Гончарная 21а,8 (7272) 97 43 73,,http://cf-almaty.kz/en/uslugi-4.html,
Tomoterapiya,· Cancer treatment center,Oncological clinics,Almaty,Kazakhstan,5,-1,"Абая, 91 3-й корпус",· 8 (727) 355 6773,⋅ Opens 9 AM Mon,,Closed
Private Clinic Almaty,· Medical clinic,Oncological clinics,Almaty,Kazakhstan,4.1,-154,"мкр. Мирас, 45",· 8 (700) 275 9900,⋅ Closes 10 PM,http://www.privateclinic.kz/,Open
Алматинская региональная многопрофильная клиника,· Medical clinic,Oncological clinics,Almaty,Kazakhstan,5,-3,Роза Бағланова көшесі 69а,,,,
Алматинская региональная многопрофильная клиника,· Medical clinic,Oncological clinics,Almaty,Kazakhstan,5,3,Роза Бағланова көшесі 69а,,,,
Сосудистое нейрохирургическое отделение ГКБ №7 г. Алматы,· Neurosurgeon,Neurosurgery,Almaty,Kazakhstan,3,-2,микрорайон Калкаман 20,· 8 (7272) 28 07 77,Open 24 hours,http://vna.kz/,
Tsentr Lecheniya Boli,· Neurosurgeon,Neurosurgery,Almaty,Kazakhstan,5,-1,"ул. Толе би, 289, Utegen Batyr St 76 Д",· 8 (705) 272 7775,Open,https://instagram.com/painmanagement_kz?igshid=MzRlODBiNWFlZA==,⋅ Closes 1 PM
№7 city clinical hospital,· Hospital,Neurosurgery,Almaty,Kazakhstan,3.4,-340,ул. Аспандиярова 78,· 8 (7272) 28 07 77,Open 24 hours,http://gkb7.kz/,
Tsentral'naya Gorodskaya Klinicheskaya Bol'nitsa G.almaty,· Hospital,Neurosurgery,Almaty,Kazakhstan,3.7,-247,Zhandosov Street 6,· 8 (7272) 74 82 61,Open 24 hours,http://almaty-cgkb.kz/,
ЛОР-центр V-ent,· Otolaryngology clinic,Ent clinics,Almaty,Kazakhstan,3.6,-20,Navoi St 58,· 8 (700) 321 0300,⋅ Closes 2 PM,"https://www.google.com/maps/dir//%D0%9B%D0%9E%D0%A0-%D1%86%D0%B5%D0%BD%D1%82%D1%80+V-ent,+Navoi+St+58,+Almaty/data=!4m6!4m5!1m1!4e2!1m2!1m1!1s0x388368fabbeef2b1:0x9c5abaa815862ac0?sa=X&ved=1t:57443&ictx=111",Open
ЛОР Status,· Otolaryngologist,Ent clinics,Almaty,Kazakhstan,4.7,-38,Toraygirov Street 49/1,· 8 (775) 930 3835,⋅ Closes 8 PM,"https://www.google.com/maps/dir//%D0%9B%D0%9E%D0%A0+Status,+Toraygirov+Street+49%2F1,+Almaty+050043/data=!4m6!4m5!1m1!4e2!1m2!1m1!1s0x388369751ccbb7e7:0xbcfab613671f5c31?sa=X&ved=1t:57443&ictx=111",Open
Lor-Vrach V Almaty,· Otolaryngologist,Ent clinics,Almaty,Kazakhstan,4.8,-24,"Аксай-3 5, в здании Invivo",· 8 (778) 704 4451,⋅ Closes 3 PM,"https://www.google.com/maps/dir//Lor-Vrach+V+Almaty,+%D0%90%D0%BA%D1%81%D0%B0%D0%B9-3+5,+%D0%B2+%D0%B7%D0%B4%D0%B0%D0%BD%D0%B8%D0%B8+Invivo,+Almaty/data=!4m6!4m5!1m1!4e2!1m2!1m1!1s0x388369fa68322b9b:0xb23ae2e93b9446ce?sa=X&ved=1t:57443&ictx=111",Open
"ЛОР Центр ""Ai-Medicus""",· Otolaryngologist,Ent clinics,Almaty,Kazakhstan,4.2,-105,"Мамыр-7, Shalyapin St 19А",· 8 (700) 415 8704,⋅ Closes 6 PM,"https://www.google.com/maps/dir//%D0%9B%D0%9E%D0%A0+%D0%A6%D0%B5%D0%BD%D1%82%D1%80+%22Ai-Medicus%22,+%D0%9C%D0%B0%D0%BC%D1%8B%D1%80-7,+Shalyapin+St+19%D0%90,+Almaty/data=!4m6!4m5!1m1!4e2!1m2!1m1!1s0x38836847d75aaaab:0x8af79912d9c7d68b?sa=X&ved=1t:57443&ictx=111",Open
Лор-clinic,· Medical Center,Ent clinics,Almaty,Kazakhstan,3.5,-12,Ulitsa Karasay Batyra 152,· 8 (7272) 25 40 89,⋅ Closes 2 PM,"https://www.google.com/maps/dir//%D0%9B%D0%BE%D1%80-clinic,+Ulitsa+Karasay+Batyra+152,+Almaty+050026/data=!4m6!4m5!1m1!4e2!1m2!1m1!1s0x38836999ef8d4291:0xf604a724c88a95e9?sa=X&ved=1t:57443&ictx=111",Open
Lor Almaty,· Otolaryngologist,Ent clinics,Almaty,Kazakhstan,4.7,-15,"Вход со стороны, Maulenov Street 133",· 8 (700) 415 8704,⋅ Closes 6 PM,"https://www.google.com/maps/dir//Lor+Almaty,+%D0%92%D1%85%D0%BE%D0%B4+%D1%81%D0%BE+%D1%81%D1%82%D0%BE%D1%80%D0%BE%D0%BD%D1%8B,+Maulenov+Street+133,+Almaty+050000/data=!4m6!4m5!1m1!4e2!1m2!1m1!1s0x38836fea4dfe7c1f:0x6b84a95a1f758b9?sa=X&ved=1t:57443&ictx=111",Open
"Gastroclinic | Медицинский центр Алматы | Гастроэнтеролог, анализы",· Gastroenterologist,Gastroenterology clinics,Almaty,Kazakhstan,4,-42,Ulitsa Sholom Aleykhem 19,· 8 (727) 390 2220,⋅ Closes 3 PM,https://gastroclinic-med.ru/?utm_source=gmb,Open
Altyn Medicus | Центр лазерной хирургии | Флебология | Проктология,· Gastroenterologist,Gastroenterology clinics,Almaty,Kazakhstan,4.9,-257,Manas St 7б,· 8 (700) 310 9888,⋅ Closes 2 PM,http://altynmed.kz/,Open
Allergo Clinic,· Gastroenterologist,Gastroenterology clinics,Almaty,Kazakhstan,4,-117,Navoi St 208,· 8 (701) 312 1312,⋅ Closes 7:30 PM,https://www.allergoclinic.kz/,Open
"Interna Clinic - Институт Гастроэнтерологии, гепатологии и метаболизма",· Medical clinic,Gastroenterology clinics,Almaty,Kazakhstan,4.7,-26,Bogenbai Batyr Street 248,· 8 (700) 711 0550,⋅ Closes 5 PM,https://internaclinic.kz/,Open
"Медицинский центр On Clinic Алматы - Уролог, Проктолог, Гинеколог",· Gastroenterologist,Gastroenterology clinics,Almaty,Kazakhstan,4.2,-202,Gabdullin St 94/132,· 8 (707) 250 1005,⋅ Closes 2 PM,http://onclinic.kz/,Open
Private Clinic Almaty,· Medical clinic,Gastroenterology clinics,Almaty,Kazakhstan,4.1,-154,"мкр. Мирас, 45",· 8 (700) 275 9900,⋅ Closes 10 PM,http://www.privateclinic.kz/,Open
FENIX MED,· Gastroenterologist,Gastroenterology clinics,Almaty,Kazakhstan,5,-3,улица Жибек Жолы 67,· 8 (700) 978 0303,⋅ 1 PM,,Closes soon
HealthCity диагностическая клиника,· Diagnostic center,Gastroenterology clinics,Almaty,Kazakhstan,4.6,-224,Musabaev St 8,· 8 (778) 021 1977,⋅ Closes 4 PM,http://www.healthcity.kz/,Open
UROPRO Клиника мужского здоровья,· Urology clinic,Urology  clinics,Almaty,Kazakhstan,5,-1,Shevchenko St 148,· 8 (778) 888 1222,⋅ Closes 3 PM,https://uropro.kz/,Open
Urolog,· Urology clinic,Urology  clinics,Almaty,Kazakhstan,5,-9,Shevchenko St 153,· 8 (707) 113 0412,⋅ Closes 2 PM,,Open
UROLOGIST Almaty ROUND THE CLOCK,· Urologist,Urology  clinics,Almaty,Kazakhstan,4,-9,Manas St 59,· 8 (707) 000 0103,,http://emirmed.kz/,Open 24 hours
Urology Research Center,· Research institute,Urology  clinics,Almaty,Kazakhstan,3,-103,Basenov St 2,· 8 (7272) 22 15 15,⋅ Opens 9 AM Mon,,Closed
"Медицинский центр On Clinic - Уролог, Проктолог, Гинеколог",· Urologist,Urology  clinics,Almaty,Kazakhstan,4.7,-163,"улица Ришата и Муслима, Abdulliny St 30",· 8 (707) 250 1005,⋅ Closes 2 PM,https://onclinic.kz/,Open
"Медицинский центр On Clinic Алматы - Уролог, Проктолог, Гинеколог",· Urologist,Urology  clinics,Almaty,Kazakhstan,4.2,-202,Gabdullin St 94/132,· 8 (707) 250 1005,⋅ Closes 2 PM,http://onclinic.kz/,Open
SEMA Hospital,· Hospital,Urology  clinics,Almaty,Kazakhstan,3.9,-267,Nauryzbai Batyr St 31,· 8 (727) 310 0103,⋅ Closes 6 PM,http://semahospital.kz/,Open
Хирург Уролог | Андролог-сексопатолог,· Urologist,Urology  clinics,Almaty,Kazakhstan,5,-1,Abay Ave 115,8 (701) 710 4968,,,
Институт урологии и трансплантологии,· Hospital,Urology  clinics,Almaty,Kazakhstan,5,-3,Tole Bi Street 289,· 8 (727) 373 0606,⋅ Closes 8 PM,http://www.densaulyk.kz/,Open
Meditsinskiy Tsentr Talant-K,· Urology clinic,Urology  clinics,Almaty,Kazakhstan,4.8,-19,улица Алпамыс Батыра 28,· 8 (707) 487 3000,,https://medcentrtalant.kz/,Open 24 hours
Private Clinic Almaty,· Medical clinic,Urology  clinics,Almaty,Kazakhstan,4.1,-154,"мкр. Мирас, 45",· 8 (700) 275 9900,⋅ Closes 10 PM,http://www.privateclinic.kz/,Open
Urolog,· Urologist,Urology  clinics,Almaty,Kazakhstan,5,-1,Ulitsa Yelemesova 44а,,⋅ Closes 12 AM,,Open
Helmir Hospital,· Medical Center,Urology  clinics,Almaty,Kazakhstan,4.2,-30,Жамакаева ул. 254/1,· 8 (727) 339 4040,,,Open 24 hours
Institut Reproduktivnoy Meditsiny,· Fertility clinic,Urology  clinics,Almaty,Kazakhstan,4.4,-39,Kabanbay Batyr St 226,· 8 (7272) 34 34 34,⋅ Closes 7 PM,https://irm.kz/,Open
Многопрофильный медицинский центр Medical Park,· Medical Center,Urology  clinics,Almaty,Kazakhstan,4.1,-226,Rozybakiev Street 105Б,· 8 (727) 303 3333,⋅ 1 PM,http://medicalpark.kz/,Closes soon
Respublikanskiy Semeyno-Vrachebnyy Tsentr,· Medical Center,Urology  clinics,Almaty,Kazakhstan,3.2,-32,Aiteke Bi St 83,· 8 (701) 258 8100,⋅ Closes 2 PM,https://rfmc.kz/,Open
Репродуктивтік медицина институты ИРМ,· Reproductive health clinic,Urology  clinics,Almaty,Kazakhstan,4.3,-184,Tole Bi Street 99,· 8 (771) 934 3434,⋅ Closes 8 PM,http://irm.kz/,Open
АО «Национальный научный центр хирургии им. А.Н. Сызганова»,· Medical clinic,Urology  clinics,Almaty,Kazakhstan,3.9,-228,Zheltoksan St 62,· 8 (7272) 79 22 40,⋅ 1 PM,,Closes soon
Nauchnyy Urologitseskiy Tsentr,· Hospital,Urology  clinics,Almaty,Kazakhstan,4,-2,"город, Zharokov St 215",· 8 (7272) 46 52 10,⋅ Opens 8 AM Mon,http://urology.kz/,Closed
Diagnosticheskiy Tsentr Orkhun Medikal/ Orhun Medical,· Medical Center,Urology  clinics,Almaty,Kazakhstan,3.1,-234,"ул. Казыбек би, дом 12В",,,https://orhun.kz/filialy/medicinskij-centr-na-kazybek-bi/,Open 24 hours
Scientific Center of the Pediatrics and Pediatric Surgery,· Hospital,Urology  clinics,Almaty,Kazakhstan,4.1,-165,Al-Farabi Avenue 146,· 8 (7272) 99 26 87,⋅ Opens 8 AM Mon,https://pediatria.kz/,Closed
INVITRO медицинский центр,· Medical clinic,Urology  clinics,Almaty,Kazakhstan,5,-2,Al-Farabi Avenue 17/1,· 8 (700) 715 1515,⋅ Closes 7 PM,http://www.invitro.kz/,Open
Ali Med,· Medical Center,Urology  clinics,Almaty,Kazakhstan,4,-14,Sharipov St уг,· 8 (7272) 92 65 13,⋅ Closes 4 PM,,Open
EMIRMED,· Medical clinic,Urology  clinics,Almaty,Kazakhstan,3.2,-125,Rozybakiev Street 37В,· 8 (708) 911 4038,,https://emirmed.kz/,Open 24 hours
ASTANA VISION,· Ophthalmology Clinic,Ophthalmology  clinics,Almaty,Kazakhstan,4.7,-92,Алматы,· 8 (705) 924 3600,⋅ Closes 5 PM,https://www.googleadservices.com/pagead/aclk?sa=L&ai=DChcSEwjNzIfYqeiLAxXqWJEFHQ7-ASAYABAHGgJscg&co=1&gclid=Cj0KCQiA2oW-BhC2ARIsADSIAWpvGmInhcZTY571fqIocO2Q9zCFdwnOEwcX3ocbM21NcHbPHJdbzJwaAl0GEALw_wcB&ohost=www.google.com&cid=CAESVeD20f-xl4-b1eDgnMu_FzqL6_sOKVPVu3RffLJcUYZbhHKRkMtx5KjOlVh_9uf2lK4CNMzwA1E0FzSVybqlMxwnlrvG8k05Pl8n6DwElZ0wiySFpjg&sig=AOD64_0IrWwPkK1aVa5wO-O2cn9ZNVWTkg&q=&ctype=99&ved=2ahUKEwjv34LYqeiLAxVQJBAIHQiGE6sQhKwBegQIJBAP&adurl=,Open
EYE Clinic,· Eye care center,Ophthalmology  clinics,Almaty,Kazakhstan,3.5,-14,Zhambyl St 98,· 8 (701) 777 1062,⋅ Closes 5 PM,https://www.instagram.com/eyeclinic.kz,Open
EyeDoctor - глазная клиника Молокотина,· Ophthalmology clinic,Ophthalmology  clinics,Almaty,Kazakhstan,4.8,-93,Abish Kekilbayuly St 264,· 8 (778) 025 4400,⋅ Closes 4 PM,https://www.eyedoctor.kz/,Open
Лечение косоглазия и зрения ORTOPTIC Алматы,· Ophthalmology clinic,Ophthalmology  clinics,Almaty,Kazakhstan,4.6,-40,микрорайон 8 дом 8,· 8 (707) 743 6888,⋅ Closes 3 PM,https://ortoptic.kz/,Open
Focus Офтальмологический центр,· Ophthalmology clinic,Ophthalmology  clinics,Almaty,Kazakhstan,4.1,-63,Seyfullin Avenue 450/130,· 8 (727) 337 7080,⋅ Closes 2 PM,http://focuseyecenter.kz/,Open
ASTANA VISION,· Ophthalmology clinic,Ophthalmology  clinics,Almaty,Kazakhstan,4.7,-93,Ulitsa Karasay Batyra 72Б,· 8 (747) 623 5268,⋅ Closes 5 PM,https://almaty.vision.kz/,Open
"НЦ ""Институт глаза Lucy""",· Eye care center,Ophthalmology  clinics,Almaty,Kazakhstan,4.5,-49,Gogol St 253/5,· 8 (747) 095 9595,⋅ Closes 5 PM,https://lucyclinic.kz/,Open
OKulist Clinic,· Ophthalmologist,Ophthalmology  clinics,Almaty,Kazakhstan,5,-8,"БЦ Нурлы Тау, корпус 5А, (нижнее крыло)",· 8 (7272) 77 70 77,⋅ Closes 4 PM,http://okulist.kz/,Open
Oftal'mologicheskiy Tsentr Doktora Kurbanova,· Eye care center,Ophthalmology  clinics,Almaty,Kazakhstan,4.4,-28,Tolebaev St 38,· 8 (707) 250 1731,⋅ 1 PM,,Closes soon
Oftal'mologicheskiy Tsentr Konovalova,· Eye care center,Ophthalmology  clinics,Almaty,Kazakhstan,4.2,-5,Shevchenko St 186,· 8 (7272) 21 77 77,⋅ Closes 4 PM,http://eyes.kz/,Open
«OFTUM ALMATY» Европейский Центр Лазерной Коррекции Зрения,· Ophthalmology clinic,Ophthalmology  clinics,Almaty,Kazakhstan,4.4,-8,Tchaikovsky St 149,· 8 (775) 888 1011,⋅ Closes 2 PM,http://www.oftum.kz/,Open
OSCAR CLINIC,· Ophthalmologist,Ophthalmology  clinics,Almaty,Kazakhstan,5,-6,Ulitsa Alty-Alash-1 36/4,,,,
Международный Центр Охраны Зрения,· Medical Center,Ophthalmology  clinics,Almaty,Kazakhstan,4.3,-74,"Gagarin Ave 46, 050009",· 8 (707) 220 1122,⋅ 1 PM,,Closes soon
"Perfect Vision Глазная клиника, Офтальмологический центр, Хирургия катаракты, Коррекция зрения, Диагностика зрения",· Ophthalmology clinic,Ophthalmology  clinics,Almaty,Kazakhstan,5,-2,Eniseyskaya St 29/1,· 8 (700) 389 7878,⋅ Opens 9 AM Mon,https://perfectvision.kz/,Closed
Ночные линзы/ Офтальмолог (Окулист) Алматы,· Ophthalmologist,Ophthalmology  clinics,Almaty,Kazakhstan,5,-1,Рабат 46,· 8 (700) 415 8704,⋅ Closes 6 PM,https://ai-medicus.kz/konsultacziya-oftalmologa/,Open
"Офтальмологическая клиника ""Көзқарас""",· Ophthalmology clinic,Ophthalmology  clinics,Almaty,Kazakhstan,3.4,-15,Gogol St 49,· 8 (700) 315 0954,⋅ Opens 8:30 AM Mon,,Closed
Глазной Институт,· Hospital,Ophthalmology  clinics,Almaty,Kazakhstan,3.2,-88,толе би байтурсынова,· 8 (7272) 79 54 36,⋅ Closes 4:30 PM,http://eyeinst.kz/,Open
Офтальмологическая клиника ES Optical,· Doctor,Ophthalmology  clinics,Almaty,Kazakhstan,3.8,-8,Baytursynova St 33,· 8 (7272) 33 09 71,⋅ Closes 6 PM,https://esoptical.kz/,Open
Mikrokhirurgiya Glaza Doktora Kuralovoy,· Medical clinic,Ophthalmology  clinics,Almaty,Kazakhstan,3.5,-2,Tole Bi Street 156,8 (727) 378 2211,,,
"Медицинский центр On Clinic - Уролог, Проктолог, Гинеколог",· Ophthalmologist,Ophthalmology  clinics,Almaty,Kazakhstan,4.7,-163,"улица Ришата и Муслима, Abdulliny St 30",· 8 (707) 250 1005,⋅ Closes 2 PM,https://onclinic.kz/,Open
Kazakh Institute of Eye Diseases,· Hospital,Ophthalmology  clinics,Almaty,Kazakhstan,3.2,-174,Tole Bi Street 95а,· 8 (727) 341 0771,⋅ Closes 2 PM,http://eyeinst.kz/,Open
Meditsinskiy Tsentr Medina,· Ophthalmologist,Ophthalmology  clinics,Almaty,Kazakhstan,3.1,-9,Suyunbai Ave 19,· 8 (727) 344 0744,⋅ Closes 5 PM,http://med-medina.obiz.ru/?utm_source=gmb,Open
Glaznaya Klinika,· Ophthalmologist,Ophthalmology  clinics,Almaty,Kazakhstan,3.1,-19,Kozhamkulov St 166,· 8 (727) 383 6030,⋅ Opens 8:30 AM Mon,http://www.eyeinst.kz/,Closed
Medoptika,· Optician,Ophthalmology  clinics,Almaty,Kazakhstan,4,-37,Suyunbai Ave 19,· 8 (727) 344 0744,⋅ Closes 6 PM,http://medoptika.kz/,Open
"Медицинский центр Алгамед | анализ на коронавирус, УЗИ, справки Алматы",· Ophthalmologist,Ophthalmology  clinics,Almaty,Kazakhstan,3.3,-93,Abay Ave 157А,· 8 (707) 220 6801,,http://algamed.kz/,Open 24 hours
Tsentr Semeynoy Oftal'mologii,· Hospital,Ophthalmology  clinics,Almaty,Kazakhstan,3.7,-3,Masanchi St 76,· 8 (777) 111 0178,⋅ Opens 9:30 AM Mon,,Closed
Medoptika,· Optician,Ophthalmology  clinics,Almaty,Kazakhstan,4,-5,Tole Bi Street 156,· 8 (727) 344 0744,⋅ Closes 6 PM,http://www.medoptika.kz/,Open
M-Optika,· Ophthalmologist,Ophthalmology  clinics,Almaty,Kazakhstan,3.7,-3,Altynsarin Ave 81,,,,
KRAFT Optik,· Optician,Ophthalmology  clinics,Almaty,Kazakhstan,5,-2,"8X87+G45, Eniseyskaya St",· 8 (707) 389 5558,⋅ Closes 5 PM,Open,https://www.instagram.com/invites/contact/?i=tx006htxoe08&utm_content=7unseox
Клиника Villa Kids Clinic,· Medical Center,Ophthalmology  clinics,Almaty,Kazakhstan,4,-4,Al-Farabi Avenue 140A,· 8 (776) 004 0140,,Open 24 hours,
Medical Center of Dermatology,· Dermatologist,Dermatology clinics,Almaty,Kazakhstan,3.8,-78,Gagarin Ave 202,· 8 (727) 337 8560,⋅ Closes 6 PM,http://mcd.kz/,Open
Skin clinic - Клиника Лазерной Косметологии,· Dermatologist,Dermatology clinics,Almaty,Kazakhstan,4.6,-8,Kazybek Bi St 148,· 8 (776) 294 4949,⋅ Closes 6 PM,,Open
Allergo Clinic,· Dermatologist,Dermatology clinics,Almaty,Kazakhstan,4,-117,Navoi St 208,· 8 (701) 312 1312,⋅ Closes 7:30 PM,https://www.allergoclinic.kz/,Open
Acne Doctor,· Skin care clinic,Dermatology clinics,Almaty,Kazakhstan,5,-12,Zhybek-Zholy Street 50,· 8 (777) 830 1818,⋅ Closes 4 PM,,Open
SOS dermatology centre,· Dermatologist,Dermatology clinics,Almaty,Kazakhstan,3,-4,Baytursynova St 9,· 8 (707) 710 2063,⋅ Opens 9 AM Mon,http://dermatology.kz/,Closed
Медицинский центр дерматологии Алматы филиал,· Dermatologist,Dermatology clinics,Almaty,Kazakhstan,4.2,-32,Shevchenko St 154,· 8 (727) 377 5112,⋅ Closes 6 PM,http://mcd.kz/,Open
"""TCLINIC"" Клиника трихологии. Лечение волос, кожи головы, дерматология.",· Private hospital,Dermatology clinics,Almaty,Kazakhstan,4.5,-46,Nauryzbai Batyr St 50,· 8 (7272) 72 41 41,⋅ 1 PM,http://www.tclinic.kz/,Closes soon
Meditsinskiy Tsentr Dermatologii Filial,· Dermatologist,Dermatology clinics,Almaty,Kazakhstan,4.7,-15,"ЖК ""Солнечная долина "" 157 блок 1",· 8 (727) 311 1857,⋅ Closes 6 PM,http://mcd.kz/,Open
Eleven Clinic,· Dermatologist,Dermatology clinics,Almaty,Kazakhstan,5,-3,Ulitsa Kasymova 32,,,,
"Медицинский центр On Clinic Алматы - Уролог, Проктолог, Гинеколог",· Dermatologist,Dermatology clinics,Almaty,Kazakhstan,4.2,-202,Gabdullin St 94/132,· 8 (707) 250 1005,⋅ Closes 2 PM,http://onclinic.kz/,Open
DR.Vesta,· Dermatologist,Dermatology clinics,Almaty,Kazakhstan,5,-1,Kabanbay Batyr St 239,· 8 (777) 898 8989,,https://2gis.kz/almaty/geo/70000001053408127,Open now
"Медицинский центр On Clinic - Уролог, Проктолог, Гинеколог",· Dermatologist,Dermatology clinics,Almaty,Kazakhstan,4.7,-163,"улица Ришата и Муслима, Abdulliny St 30",· 8 (707) 250 1005,⋅ Closes 2 PM,https://onclinic.kz/,Open
SMARTMED | Аллергоцентр Алматы | Аллерголог | Педиатр,· Dermatologist,Dermatology clinics,Almaty,Kazakhstan,4.8,-12,Satpaev St 90/30,· 8 (708) 902 0202,⋅ Closes 2 PM,http://smart-med.clinic/,Open
Klinika Oksany Malitskoy,· Dermatologist,Dermatology clinics,Almaty,Kazakhstan,3.8,-41,Baytursynova St 74,· 8 (775) 634 7911,⋅ Closes 5 PM,https://clinicmalitskaya.kz/,Open
"Медицинский центр Алматы ""KAZBAYMED""",· Dermatologist,Dermatology clinics,Almaty,Kazakhstan,5,-8,Zharokov St 126,· 8 (727) 392 3152,⋅ Closes 2 PM,,Open
Altyn Medicus | Центр лазерной хирургии | Флебология | Проктология,· Vascular surgeon,Dermatology clinics,Almaty,Kazakhstan,4.9,-257,Manas St 7б,· 8 (700) 310 9888,⋅ Closes 2 PM,http://altynmed.kz/,Open
"Meditsinskiy Tsentr On Klinik Almaty Urolog, Proktolog, Ginekolog",· Dermatologist,Dermatology clinics,Almaty,Kazakhstan,4.1,-58,Abay Ave 20/14,· 8 (707) 250 1005,⋅ Closes 2 PM,https://onclinic.kz/,Open
Лор Практика,· Medical Center,Dermatology clinics,Almaty,Kazakhstan,4.9,-385,"ул. Розыбакиева 247, ж/к ""Вавилон"", корпус 4, помещение 189",· 8 (727) 311 3755,⋅ Closes 6 PM,https://lordoctor.kz/contacts,Open
Tsentr Khidzhama V Almaty,· Dermatologist,Dermatology clinics,Almaty,Kazakhstan,4.4,-69,Rayimbek Ave 212а/7,· 8 (707) 910 2847,⋅ Closes 7 PM,https://hijama.kz/,Open
Sofi Aesthetic,· Dermatologist,Dermatology clinics,Almaty,Kazakhstan,5,-5,Gagarin Ave 287 блок А,· 8 (707) 111 3896,⋅ Closes 7 PM,https://sofiaesthetic.com.kz/,Open
Медицинский центр KAZMED,· Dermatologist,Dermatology clinics,Almaty,Kazakhstan,3.4,-62,мкр. Аксай-5 12А,· 8 (700) 511 1017,⋅ Opens 7 AM Mon,http://kazmedclinic.kz/,Closed
"Булекбаева Гульнара Маратовна - дерматокосметолог, трихолог, хирург высшей категории",· Dermatologist,Dermatology clinics,Almaty,Kazakhstan,5,-1,"Академия красоты Royal Med, Al-Farabi Avenue 21",· 8 (777) 261 6167,⋅ Opens 9 AM Mon,,Closed
"«DVC», Научно-практический центр дерматовенерологии и косметологии: дерматолог, венеролог, трихолог, косметолог в Алматы",· Medical Center,Dermatology clinics,Almaty,Kazakhstan,4.7,-12,Gagarin Ave 250,· 8 (7272) 32 11 11,⋅ Closes 2 PM,http://dvc.kz/,Open
Celine Clinic,· Skin care clinic,Dermatology clinics,Almaty,Kazakhstan,3.9,-7,Seifullin street 574/1,· 8 (771) 406 6621,,,Open 24 hours
"Interna Clinic - Институт Гастроэнтерологии, гепатологии и метаболизма",· Medical clinic,Dermatology clinics,Almaty,Kazakhstan,4.7,-26,Bogenbai Batyr Street 248,· 8 (700) 711 0550,⋅ Closes 5 PM,https://internaclinic.kz/,Open
Alfa Cosmo,· Dermatologist,Dermatology clinics,Almaty,Kazakhstan,5,-5,"пр. Аль-Фараби 13, БЦ ""Нурлы-Тау"", павильон 2В",· 8 (727) 311 1010,⋅ Closes 6 PM,http://alfacosmo.kz/,Open
Tiffany Plaza,· Dermatologist,Dermatology clinics,Almaty,Kazakhstan,4.6,-48,Mikrorayon Samal-2 58А,· 8 (701) 203 4224,⋅ Closes 8 PM,,Open
EMIRMED,· Medical clinic,Dermatology clinics,Almaty,Kazakhstan,3.2,-125,Rozybakiev Street 37В,· 8 (708) 911 4038,,https://emirmed.kz/,Open 24 hours
Тері-венерология диспансері,· Hospital,Dermatology clinics,Almaty,Kazakhstan,3.2,-105,Manas St 65,· 8 (7272) 74 01 95,⋅ Opens 8 AM Mon,http://almaty-kvd.kz/,Closed
"Медицинский центр Алгамед | анализ на коронавирус, УЗИ, справки Алматы",· Medical Center,Dermatology clinics,Almaty,Kazakhstan,3.3,-93,Abay Ave 157А,· 8 (707) 220 6801,,http://algamed.kz/,Open 24 hours
Beauty Cosmetology by Sahar & Vosk,· Dermatologist,Dermatology clinics,Almaty,Kazakhstan,5,-5,Sharipov St 145 к2,· 8 (701) 527 7788,⋅ Closes 9 PM,,Open
Клиника Villa Kids Clinic,· Dermatologist,Dermatology clinics,Almaty,Kazakhstan,4,-4,Al-Farabi Avenue 140A,· 8 (776) 004 0140,,,Open 24 hours
Family Clinic,· Medical centre,Oncological clinics,Astana,Kazakhstan,4.2,-161,Нур-Султан,· 8 (778) 021 7799,⋅ Closes 4 PM,Open,https://www.googleadservices.com/pagead/aclk?sa=L&ai=DChcSEwj3paPDsOiLAxXiE6IDHcGmB-QYABAAGgJsZQ&co=1&gclid=Cj0KCQiA2oW-BhC2ARIsADSIAWpq-rh5X8f9EdwE0gJt1kd521lsLi-xh2tuuIku6rgh0UQcjv3xRGQaAovsEALw_wcB&ohost=www.google.com&cid=CAESVeD2TFp7ona5KAhPir0uhSWQVa0igncRG81hKDMV7R5zMroqzK2O3hnArtOlZ30F8VZbfuviSItLhkk7pYOK0xCua7zqOJUlo8VJiGt93t7Ry996wAA&sig=AOD64_1sAT3T7Hndl_p-1xgNuvnDdt1pOg&q=&ctype=99&ved=2ahUKEwjTs57DsOiLAxWKgSoKHeVfFrYQhKwBegQIFBAP&adurl=
National Scientific Center for Oncology and Transplantation,· Hospital,Oncological clinics,Astana,Kazakhstan,4.1,-131,Kerey and Zhanibek Khans St 3,· 8 (7172) 70 29 11,⋅ Closes 5 PM,Open,http://www.cancercenter.kz/
Nauchno-Klinicheskiy Tsentr Onkoreabilitatsii,· Medical clinic,Oncological clinics,Astana,Kazakhstan,4.6,-14,"Мақсұт, Нәрікбаев 22",· 8 (7172) 46 90 69,⋅ Closes 3 PM,Open,http://oncomed.kz/#rec333655767
Muncipal Oncological Prophylactic Center,· Cancer treatment center,Oncological clinics,Astana,Kazakhstan,3.7,-100,Manas St 17,· 8 (7172) 54 20 05,⋅ Opens 8 AM Mon,Closed,https://mmc-astana.kz/
Natsional'nyy Proizvodstvennyy Tsentr Transfuziologii,· Hospital,Oncological clinics,Astana,Kazakhstan,4.8,-6,Kerey and Zhanibek Khans St 10,,⋅ Closes 8 PM,Open,http://spct.kz/
"Медицинский центр Он Клиник Астана - уролог, проктолог, гинеколог, урологический центр",· Medical Center,Oncological clinics,Astana,Kazakhstan,3.6,-150,"Zhk ""Gul'der"", Shokan Valikhanov Street 1",· 8 (705) 536 0303,⋅ Closes 5 PM,Open,https://astana.onclinic.kz/
National Surgery Center,· Medical Center,Oncological clinics,Astana,Kazakhstan,4.2,-169,Turan Ave 34/1,· 8 (7172) 62 11 00,⋅ Opens 8 AM Mon,Closed,
Центр женского здоровья MamaVita,· Medical clinic,Oncological clinics,Astana,Kazakhstan,4.8,-67,"ЖК ""Версаль, Sarayshyq St 40",· 8 (747) 310 9988,⋅ 1 PM,Closes soon,https://mamavita.kz/
Family Clinic,Medical centre,Neurosurgery,Astana,Kazakhstan,4.2,161,34Б улица Сакена Сейфуллина,8 (778) 021 7799,Closes 4 PM,Open,https://familyclinic.kz/
Assyl Astana Clinic - медицинский центр,Medical centre,Neurosurgery,Astana,Kazakhstan,4.2,25,11 Б Куанышбаева,8 (700) 027 2277,1:00 PM,Closes soon,
National Surgery Center,Medical Center,Neurosurgery,Astana,Kazakhstan,4.2,169,Turan Ave 34/1,8 (7172) 62 11 00,Opens 8 AM,Closed,
ASTANA VISION KIDS г. Астана,· Children Policlinic,Ophthalmology  clinics,Astana,Kazakhstan,5,-1,"10, 020000 Омарова ул.",· 8 (747) 090 5306,⋅ Closes 3 PM,Open,https://www.googleadservices.com/pagead/aclk?sa=L&ai=DChcSEwjzoa_Ms-iLAxVNCqIDHVOuFtAYABAAGgJsZQ&co=1&gclid=Cj0KCQiA2oW-BhC2ARIsADSIAWr4aTaU1u1ib1gZUSSgF156fkTOj_QMXwpZf81ufvLpm5B7GtAu3jgaAh86EALw_wcB&ohost=www.google.com&cid=CAESVeD2lT4qk1I5_sMZaZP6QQx7K0zH0uZRL771eehCpXHgub0qTwzkCNflBF2R8miP2WDSjSy2zfD8UDifxnx7hoWETebGbRUdARcEcm4b33tK45MwQPU&sig=AOD64_0-SSubVa8caeybuHuzcFzIIyRxhg&q=&ctype=99&ved=2ahUKEwiDmKrMs-iLAxXJFBAIHUrTG3cQhKwBegQIIRAP&adurl=
ASTANA VISION г. Астана,· Ophthalmologist,Ophthalmology  clinics,Astana,Kazakhstan,4.5,-252,Qorghalzhyn Hwy 13/7,· 8 (747) 623 5190,⋅ Closes 3 PM,Open,https://vision.kz/
Клиника микрохирургии глаза и эстетической медицины в Астане - RB CLINIC,· Ophthalmology clinic,Ophthalmology  clinics,Astana,Kazakhstan,5,-9,Ulitsa Orynbor 010000,· 8 (700) 185 7979,⋅ Closes 7 PM,Open,https://rb-clinic.kz/
Глазная клиника Доктора Омаровой С.Т.,· Eye care center,Ophthalmology  clinics,Astana,Kazakhstan,3.9,-26,Орынбор көшесі 1,· 8 (701) 888 6577,⋅ Closes 6 PM,Open,http://glazclinic.kz/
"""Oftum"" Европейский Центр Лазерной Коррекции Зрения",· Ophthalmology clinic,Ophthalmology  clinics,Astana,Kazakhstan,3.9,-19,"26, Блок D, Qasym Amanzholov St",· 8 (777) 888 7778,⋅ Closes 2 PM,Open,http://www.oftum.kz/
Oftalmed,· Ophthalmology clinic,Ophthalmology  clinics,Astana,Kazakhstan,5,-1,Акмешит 13/3,· 8 (705) 102 0338,⋅ Closes 4 PM,Open,
Tsentr Vosstanovleniya Zreniya,· Eye care center,Ophthalmology  clinics,Astana,Kazakhstan,4.3,-17,Qabanbay Batyr Ave 13,· 8 (7172) 61 82 82,⋅ 1 PM,Closes soon,
Tsentr Zreniya Astana,· Ophthalmologist,Ophthalmology  clinics,Astana,Kazakhstan,5,-2,Астана улица Акмешит 11 ЖК АСИ 23/33,· 8 (777) 361 3942,⋅ Closes 8 PM,Open,https://70000001039376585.2gis.biz/
Glaznaya Klinika Doktora Omarovoy S.t.,,Ophthalmology  clinics,Astana,Kazakhstan,5,-1,Syganak St 1,· 8 (701) 888 6577,⋅ Closes 6 PM,Open,http://glazclinic.kz/
Filial Kaznii Glaznykh Bolezney,· Research institute,Ophthalmology  clinics,Astana,Kazakhstan,4.4,-331,Zhengis Ave 16/1,· 8 (7172) 99 93 38,⋅ Closes 5 PM,Open,https://eyeinst.kz/
ASTANA VISION KIDS г. Астана,· Children Policlinic,Ophthalmology  clinics,Astana,Kazakhstan,5,-1,"Omarova Ul. 10, 020000",· 8 (747) 090 5306,⋅ Closes 3 PM,Open,https://vision.kz/detskaya-oftalmologiya/
LUCEM MEDICAL CLINIC.,· Walk-in clinic,Ophthalmology  clinics,Astana,Kazakhstan,4.2,-106,Amanat St 2,· 8 (708) 887 3319,,Open 24 hours,
Klinika Mikrokhirurgii Glaza Optima,· Ophthalmologist,Ophthalmology  clinics,Astana,Kazakhstan,4.3,-8,Abay Ave 21,· 8 (7172) 52 47 58,⋅ Opens 9 AM Mon,Closed,
Kozyreva Lyudmila Nikolayevna,· Ophthalmologist,Ophthalmology  clinics,Astana,Kazakhstan,3.4,-5,Zhengis Ave 16/1,8 (7172) 99 93 38,,,
"Meditsinskiy Tsentr Mediker Pediatriya, Too Mediker",· Medical Center,Ophthalmology  clinics,Astana,Kazakhstan,3.2,-91,Zhumabek Tashenov St 20,· 8 (7172) 55 81 21,⋅ Closes 5 PM,Open,http://mediker.kz/mc/138/
Satti Clinic,· Medical clinic,Ophthalmology  clinics,Astana,Kazakhstan,3.5,-8,Габиден Мустафин 21,· 8 (771) 999 9276,⋅ Closes 9 PM,Open,
Kabinet Okhrany Zreniya,· Walk-in clinic,Ophthalmology  clinics,Astana,Kazakhstan,3,-3,Bayimbet Maylin St 11,,⋅ Closes 8 PM,Open,
American Medical Centers Astana,· Medical clinic,Ophthalmology  clinics,Astana,Kazakhstan,5,-10,Kosmonavtov Street 62a,· 8 (7172) 91 97 77,,Open 24 hours,https://amcenters.com/en/astana
Lechebno Diagnosticheskiy Tsentr,· Ophthalmologist,Ophthalmology  clinics,Astana,Kazakhstan,4,-23,Тәуелсіздік 8,· 8 (7172) 36 02 70,⋅ Closes 9 PM,Open,
ASTANA VISION KIDS г. Астана,· Children Policlinic,Ophthalmology  clinics,Astana,Kazakhstan,5,-1,"10, 020000 Омарова ул.",· 8 (747) 090 5306,⋅ Closes 3 PM,Open,https://www.googleadservices.com/pagead/aclk?sa=L&ai=DChcSEwiGro_Ss-iLAxXFQpEFHbFvNM8YABAAGgJscg&co=1&gclid=Cj0KCQiA2oW-BhC2ARIsADSIAWoW-Ly_q7q_IpDhS5GTN3vxmOAMQYrK5xQtOj_NXl6WQaLqFUs3UO4aAm_qEALw_wcB&ohost=www.google.com&cid=CAESVeD2U3YcvTtzWv8mUDDoVzJb0mnVsm3NFGmcgUBuvc1c1pSAHdX1jSUwBFpNXlE1phUSR85ex5iRfyj7MLMRLrhNO4F0oMHr3mhDfkwE5GFUSy_ucVU&sig=AOD64_0qEHMRAM--AO0bs-51fCWhjRFn8A&q=&ctype=99&ved=2ahUKEwiLs4rSs-iLAxU-CRAIHW8zK_I4FBCErAF6BAgIEA8&adurl=
Promed Clinic Центр лечения позвоночника и суставов,· Medical clinic,Physical Therapy & Rehabilitation Clinic,Shymkent,Kazakhstan,5,-1,Muhammed Haidar Dulati St 176/1,· 8 (700) 811 1010,⋅ Closes 10 PM,Open,https://promedclinic.kz/
Ozdorovitel'nyy Tsentr Irina,· Rehabilitation center,Physical Therapy & Rehabilitation Clinic,Shymkent,Kazakhstan,5,-1,7JVF+H4V,· 8 (702) 688 1001,⋅ Opens 9 AM Mon,Closed,
Ортопедический Центр-ORTO CLINIC,· Orthopedic clinic,Physical Therapy & Rehabilitation Clinic,Shymkent,Kazakhstan,4,-4,Zheltoqsan St 19,· 8 (707) 756 5689,⋅ Closes 7 PM,Open,https://ortopedia-shymkent.kz/
"Медицинский центр ""Клиника позвоночника""",· Hospital,Physical Therapy & Rehabilitation Clinic,Shymkent,Kazakhstan,4.2,-5,Erimbetova 59-11,· 8 (702) 668 4117,⋅ Opens 9 AM Mon,Closed,
Miramed Clinic,· Orthopedic clinic,Physical Therapy & Rehabilitation Clinic,Shymkent,Kazakhstan,5,-3,"Нурсат 1, 157А",· 8 (775) 445 4039,⋅ Opens 9 AM Mon,Closed,
"Центр развития речи ""Өркен""",· Halfway house,Physical Therapy & Rehabilitation Clinic,Shymkent,Kazakhstan,5,-1,Manshuq Mametova St 104,· 8 (701) 745 7439,⋅ 3 PM,Closes soon,http://centrorken.kz/
Ria Med,· Medical Center,Physical Therapy & Rehabilitation Clinic,Shymkent,Kazakhstan,4.3,-9,"мкр. Восток, 89/2",· 8 (705) 242 9793,⋅ Opens 9 AM Mon,Closed,https://www.instagram.com/riamed_clinic/
"""REFRAME"" Тұлғалық Дамыту Орталығы",· Psychologist,Physical Therapy & Rehabilitation Clinic,Shymkent,Kazakhstan,5,-1,Yelshibek Batyr St 83,· 8 (778) 200 0313,⋅ Opens 9 AM Mon,Closed,
Jak Med,· Medical clinic,Physical Therapy & Rehabilitation Clinic,Shymkent,Kazakhstan,4.5,-13,"ул. ​Тамерлановское шоссе, 46/43",,,Open 24 hours,https://www.instagram.com/jakmed_shymkent/
MC Atameken,· Medical Center,Physical Therapy & Rehabilitation Clinic,Shymkent,Kazakhstan,3.3,-34,улица Кулагер 194,· 8 (775) 668 7291,⋅ Opens 9 AM Mon,Closed,https://mc-atameken.kz/
CRYSTAL CORNEA офтальмологический центр,· Eye care center,Physical Therapy & Rehabilitation Clinic,Shymkent,Kazakhstan,4.2,-23,Qazybek Bi St 57,· 8 (777) 998 4060,⋅ Opens 9 AM Mon,Closed,
Центр мануальной терапии,,Physical Therapy & Rehabilitation Clinic,Shymkent,Kazakhstan,5,-1,Kaldayakov Street 2,8 (7252) 56 82 85,,,http://cmtclinic.kz/
"Наркологический центр Ренессанс | Лечение алкоголизма, наркомании, игромании в Шымкенте",· Addiction treatment center,Physical Therapy & Rehabilitation Clinic,Shymkent,Kazakhstan,5,-14,Shaymerdenov St 59А,· 8 (708) 498 0053,,Open 24 hours,http://renessans-shymkent.kz/
"Revita Rehab - лечение от наркомании, алкоголизма и игромании в Шымкенте",· Addiction treatment center,Physical Therapy & Rehabilitation Clinic,Shymkent,Kazakhstan,5,-1,Ж.Аймаутова 54,· 8 (700) 137 7070,,Open 24 hours,https://revita-rehab.kz/
Орто Лайн,· Orthopedic shoe store,Physical Therapy & Rehabilitation Clinic,Shymkent,Kazakhstan,4.3,-6,Abay Ave 33А,· 8 (7252) 35 94 84,,Open now,http://ortoline.kz/
"""Феникс*С"" ""Phoenix"" Центр психотерапии и наркологии",· Medical clinic,Physical Therapy & Rehabilitation Clinic,Shymkent,Kazakhstan,5,-1,Sayram St 190,· 8 (702) 754 8341,⋅ Closes 5 PM,Open,
"Salon Krasoty ""Viktoriya""",· Beauty salon,Physical Therapy & Rehabilitation Clinic,Shymkent,Kazakhstan,4.6,-216,Джангильдина 8,· 8 (701) 255 4165,⋅ Closes 8 PM,Open,https://2gis.kz/shymkent/firm/70000001025820084
Revmamed,· Medical Center,Physical Therapy & Rehabilitation Clinic,Shymkent,Kazakhstan,4.1,-14,Sayram,· 8 (775) 526 7479,⋅ Opens 9 AM Mon,Closed,https://www.instagram.com/revmamed_clinik/
2Gis - Gorodskoy Informatsionnyy Servis,· Citizen information bureau,Physical Therapy & Rehabilitation Clinic,Shymkent,Kazakhstan,4.4,-252,Turar Ryskulov Street 10,· 8 (7252) 40 07 10,⋅ Opens 9 AM Mon,Closed,https://2gis.kz/shymkent